{"chunk_definitions":[{"chunk_id":"csetup_chunk","chunk_label":"setup","document_id":"9FB3B622","expansion_state":0,"options":{"engine":"r","include":false,"label":"setup"},"row":12,"row_count":1,"visible":true},{"chunk_id":"crnvvg6w5bkb4","chunk_label":"read_data","document_id":"9FB3B622","expansion_state":0,"options":{"engine":"r","label":"read_data"},"row":59,"row_count":1,"visible":true},{"chunk_id":"cruwdzcbxtdju","chunk_label":"unnamed-chunk-1","document_id":"9FB3B622","expansion_state":0,"options":{"engine":"r","label":"unnamed-chunk-3"},"row":101,"row_count":1,"visible":true},{"chunk_id":"c5w7nrnsm9klb","chunk_label":"unnamed-chunk-2","document_id":"9FB3B622","expansion_state":0,"options":{"engine":"r","label":"unnamed-chunk-5"},"row":112,"row_count":1,"visible":true},{"chunk_id":"caeqtsze3c7je","chunk_label":"unnamed-chunk-3","document_id":"9FB3B622","expansion_state":0,"options":{"engine":"r","label":"unnamed-chunk-6"},"row":129,"row_count":1,"visible":true},{"chunk_id":"cko6ogx637155","chunk_label":"unnamed-chunk-4","document_id":"9FB3B622","expansion_state":0,"options":{"engine":"r","label":"unnamed-chunk-11"},"row":142,"row_count":1,"visible":true},{"chunk_id":"c2bkj865d6141","chunk_label":"linear","document_id":"9FB3B622","expansion_state":0,"options":{"engine":"r","include":true,"label":"linear"},"row":157,"row_count":1,"visible":true},{"chunk_id":"ced6q1nh6ihv8","chunk_label":"unnamed-chunk-5","document_id":"9FB3B622","expansion_state":0,"options":{"engine":"r","label":"unnamed-chunk-12"},"row":172,"row_count":1,"visible":true},{"chunk_id":"c70orcqnr883e","chunk_label":"unnamed-chunk-6","document_id":"9FB3B622","expansion_state":0,"options":{"engine":"r","label":"unnamed-chunk-20"},"row":184,"row_count":1,"visible":true},{"chunk_id":"ct39ituwq5cli","chunk_label":"unnamed-chunk-7","document_id":"9FB3B622","expansion_state":0,"options":{"engine":"r","label":"unnamed-chunk-21"},"row":196,"row_count":1,"visible":true},{"chunk_id":"ce7087t3kjnul","chunk_label":"unnamed-chunk-8","document_id":"9FB3B622","expansion_state":0,"options":{"engine":"r","label":"unnamed-chunk-27"},"row":212,"row_count":1,"visible":true}],"chunk_rendered_width":700,"default_chunk_options":{"echo":false,"error":false,"fig.align":"center","fig.height":4.000000000000000,"fig.width":4.000000000000000,"incldue":false,"message":false},"doc_write_time":1512747502,"working_dir":null}