"0","# list of participants"
"0","subs = list.files(pattern='*.txt')"
"0","# a function to read the data"
"0","read_data <- function(filename) {"
"0","  dat <- read.csv(filename, header = FALSE)"
"0","  names(dat) = c('target','setSize','block','resp','rt')"
"0","  dat$sub = filename"
"0","  return(dat)"
"0","}"
"0","# apply to each file and combine them to a table. "
"0","raw = do.call(rbind, lapply(subs, read_data))"
"0","# calculate accuracy"
"0","raw$acc <- raw$target == raw$resp"
"0","# convert target from number to readable factors"
"0","raw$target <- factor(raw$target, labels = c('present','absent'))"
"0","# convert set size from coding index to real items"
"0","raw$setSize <- raw$setSize*4+4 # 8, 12, 16 items"
"0","# convert block from number to readable factors. "
"0","raw$block <- factor(raw$block, labels = c('dynamic','static'))"
"0","# factorize subjects"
"0","raw$sub <- factor(raw$sub)"
"0","# show some data from the head"
"0","head(raw)"
