{"chunk_definitions":[{"chunk_id":"csetup_chunk","chunk_label":"setup","document_id":"BE9B74C2","expansion_state":0,"options":{"engine":"r","include":false,"label":"setup"},"row":13,"row_count":1,"visible":true},{"chunk_id":"cb77kh5pgt98l","chunk_label":"read_data","document_id":"BE9B74C2","expansion_state":0,"options":{"engine":"r","label":"read_data"},"row":57,"row_count":1,"visible":true},{"chunk_id":"cq6qfd4m6vxgz","chunk_label":"unnamed-chunk-1","document_id":"BE9B74C2","expansion_state":0,"options":{"engine":"r","fig.height":3,"fig.width":4,"label":"unnamed-chunk-26"},"row":95,"row_count":1,"visible":true},{"chunk_id":"cdvep5jccxtnn","chunk_label":"unnamed-chunk-2","document_id":"BE9B74C2","expansion_state":0,"options":{"engine":"r","label":"unnamed-chunk-7"},"row":106,"row_count":1,"visible":true},{"chunk_id":"cqimwbq99rfyq","chunk_label":"unnamed-chunk-4","document_id":"BE9B74C2","expansion_state":0,"options":{"engine":"r","label":"unnamed-chunk-12"},"row":141,"row_count":1,"visible":true},{"chunk_id":"ccc1qmejyprw3","chunk_label":"linear","document_id":"BE9B74C2","expansion_state":0,"options":{"echo":true,"engine":"r","include":true,"label":"linear"},"row":159,"row_count":1,"visible":true},{"chunk_id":"c3jtvat1g504b","chunk_label":"unnamed-chunk-5","document_id":"BE9B74C2","expansion_state":0,"options":{"engine":"r","label":"unnamed-chunk-13"},"row":174,"row_count":1,"visible":true},{"chunk_id":"chexok6ek2fnl","chunk_label":"unnamed-chunk-6","document_id":"BE9B74C2","expansion_state":0,"options":{"engine":"r","label":"unnamed-chunk-15"},"row":186,"row_count":1,"visible":true},{"chunk_id":"cer4nx77bh75l","chunk_label":"unnamed-chunk-7","document_id":"BE9B74C2","expansion_state":0,"options":{"engine":"r","label":"unnamed-chunk-23"},"row":199,"row_count":1,"visible":true},{"chunk_id":"cdshbgj8qq5fv","chunk_label":"unnamed-chunk-8","document_id":"BE9B74C2","expansion_state":0,"options":{"engine":"r","label":"unnamed-chunk-22"},"row":212,"row_count":1,"visible":true}],"default_chunk_options":{"error":false},"doc_write_time":1526299505,"working_dir":null}